seq,verdict,task_name,question_id,critic_fail_types,critic_passed,reject_count,stem_preview,reason_preview
1,misjudge,上海-新房总监-100题-631-考试占比-20260331-1522#p1,sh:v20260320_021958:1:51:c0425898,quality_fail,False,3,作为一名房地产经纪人，在为客户提供房屋改造建议前，需要准确判断墙体类型。以下关于区分承重墙与非承重墙方法的说法中，正确的有（　）。,题目内容完全符合当前切片知识点，未超纲，对经纪人房屋改造建议前的墙体判断工作有直接帮助。逻辑自洽，可反向解题得到唯一答案ABCD。解析格式规范、内容正确。主要问题在于选项D的表述存在绝对化倾向，教材原文对部位判断的描述使用了“一般”一词，表明存在例外情况，而选项D的“通常是”在多选题全选正确的语境下，可能被误解为绝对正确的规则，遗漏了关键的限制条件。根据“规则要素缺失或绝对化”的Fail条件，判定审计不通过。
2,true_issue,最小化模板测试_151831,sh:v20260320_021958:1:51:cfe6a7e4,quality_fail|explanation_fail,,3,客户准备将卫生间外侧、与过道相邻的一段墙体拆除做干湿分离。经纪人现场测得该墙厚度约10厘米，敲击时有较大清脆回声，且该墙位于房屋内部、不与邻居共用。基于这些信息，经纪人更应判断该墙体性质为（　）。,题目本身审计通过：1. 适纲性：考点完全来自当前切片“承重墙和非承重墙”的区分方法，对经纪人现场判断墙体性质有直接实操帮助。2. 逻辑自洽：题干给出的厚度、声音、部位条件均指向非承重墙，且与正确选项B逻辑一致。3. 反向解题：考生可根据题干条件（10厘米、清脆回声、内部非共用、卫生间过道相邻）直接调用教材中厚度、声音、部位三条规则，唯一推导出B选项，无需猜测。4. 质量把关：题干未直给答案，选项同维度（均为墙体性质/部位描述），干扰项C
3,true_issue,最小化模板测试_151831,sh:v20260320_021958:4:274:0185d139,quality_fail,False,3,上海链家为全面评估服务水平，定义了“问题发生率”指标。该指标统计的问题来源于7个特定渠道，且同一个问题若在多个渠道曝光或发生先投诉再赔付等情况，会被重复记录。若某经纪人在2025年全年累计收到消费者反馈问题共计21290个，那么这21290个问题在问题发生率指标中代表的是（　）。,题目考查的知识点严格基于当前切片，逻辑自洽，可反向解题。然而，题目存在严重的质量问题：题干几乎完全复制了教材原文的关键信息（“21290个问题”和“即公司问题发生率的分子”），导致正确答案A被直接“喂”给考生，无需任何业务知识或思考即可作答。这违反了质量把关中关于“题目傻瓜化直给答案”的核心拦截规则，对经纪人工作无实质性帮助。因此，审计不通过。
4,misjudge,最小化模板测试_151831,sh:v20260320_021958:6:185:7b434e71,,True,1,客户王先生通过经纪人小李购买了一套新房，在签约后，小李主动提出可以协助王先生完成后续的一些交易手续。根据房地产经纪服务的分类，下列哪一项属于小李可以提供的房地产经纪延伸服务（交易保障服务）（　）。,
5,true_issue,上海-新房总监-100题-631-考试占比-20260327-1821#resume103_105_r1,sh:v20260320_021958:1:345:b670853f,reverse_solve_fail|grounding_fail|quality_fail|explanation_fail,False,2,某大区运营总经理第一季度各月分润分别为10万元、12万元、8万元。该季度市占目标达成率(X)为110%，市占率绝对值(Y)为15%；大区报盘率季度增幅(X)为8%，报盘率绝对值(Y)为20%；绿金品质指数(q)为85。  根据教材中运营总经理季度分润的考核规则，市占考核系数S、报盘激励系数Z、绿金扣分系数Q的取值规则如,"1. **反向解题失败**：根据题干给出的所有条件（月度分润、各指标数值、系数对应表）和公式，可以唯一推导出季度分润为2.7万元。但四个选项（6.3, 9.0, 9.9, 10.8）中均无此值，导致考生无法依据题干和规则选出正确答案。这属于“无法计算（缺关键数值/条件）”的变体——计算结果不在选项中。 2. **解析与事实不符**：解析声称答案为C（9.9万元），但根据题干规则计算出的正确结果是2.7万元，解析严重错误。 3. **质量"
6,uncertain,上海-新房总监-100题-631-考试占比-20260327-1818#resume1_3_r1,sh:v20260320_021958:1:215:ea42ae1b,reverse_solve_fail|grounding_fail|quality_fail|code_check_fail|explanation_fail,False,2,客户王明（男性，50周岁）与妻子张莉（女性，48周岁）均正常缴存公积金，计划通过组合贷款购买一套新建商品住宅。若以王明为主贷人申请公积金贷款，则该笔公积金贷款可申请的最高贷款年限为（　）。,审计不通过。核心问题在于反向解题失败：题干场景（新建商品住宅、组合贷款、主贷人年龄）可触发两条教材规则路径，导致答案不唯一。路径A（当前切片）：按年龄计算（68-50=18年）与新房上限30年孰低，得18年。路径B（“三、公积金贷款政策”切片）：该切片表格明确“最长贷款年限”为30年（适用于首套、二套），且未提及年龄计算；题干未说明是首套还是二套，但无论哪种，表格显示最长贷款年限均为30年。题干未提供任何信息（如贷款套数、政策适用优先级
7,true_issue,上海-新房总监-100题-631-考试占比-20260327-1821#resume98_100_r2#resume4_6_r1,sh:v20260320_021958:2:5:95b92788,quality_fail,False,1,某套房屋的挂牌价为468万元，成交价为450万元，该房屋的价差率是（　）。,1. 适纲性/对工作有帮助/导向性：通过。题目考查当前切片知识点“价差率”的计算，该指标用于分析市场周期，对经纪人判断市场热度有实际帮助。2. 地理与范围审计：通过。无地域限制。3. 逻辑自洽性审计：通过。条件与结论一致。4. 反向解题：通过。题干已给出计算所需全部数值（挂牌价、成交价），且公式在当前切片中明确给出，可唯一推导出答案。5. 质量把关：通过。题干未直给答案，需要调用公式计算；干扰项设计合理，对应常见误算路径。6. 题干/设
8,misjudge,上海-新房总监-100题-631-考试占比-20260327-1821#resume98_100_r1#resume3_5_r1,sh:v20260320_021958:1:347:07ac3765,,True,1,在运营总经理的管理实践中，攀登指数是一个重要的综合性评价指标。以下关于攀登指数应用范围的描述中，正确的有（　）。,
9,uncertain,上海-新房总监-100题-631-考试占比-20260330-1044#resume7_9_r1,sh:v20260320_021958:2:332:14ae56e9,reverse_solve_fail|grounding_fail|quality_fail|explanation_fail|writer_issue,False,2,你作为上海链家新房经纪人，正在为一位有置换需求的客户王先生提供咨询服务。王先生在上海有一套老房子，想卖掉后置换一套新房，并希望了解链家能提供哪些服务来帮助他。在向王先生介绍公司2026年战略升级后的服务能力时，以下哪些关于具体服务举措的描述是准确且符合公司战略方向的（　）。,审计不通过。核心问题：1. 【反向解题失败】题干要求判断哪些‘具体服务举措’准确且符合公司战略方向，但教材当前切片仅提供宏观战略目标，未提供将这些目标转化为上海链家新房经纪人可执行、可向客户承诺的具体服务举措的规则。考生无法在不进行主观猜测（猜测战略如何落地）的情况下，唯一确定所有选项（ABCD）都准确。这违反了‘需要考生猜规则’的Fail条件。2. 【适纲性/对工作有帮助/导向性 Fail】题目考查点（记忆战略口号与业务动作的对应）对
10,misjudge,上海-新房总监-100题-631-考试占比-20260330-1044#resume5_7_r1#resume3_5_r1,sh:v20260320_021958:1:4:cae062d0,,True,1,客户王明计划购买一套期房，经纪人李华在分析当前市场环境时，需要向客户解释影响房地产市场周期波动的因素。以下关于这些因素的表述中，正确的有（　）。,
11,misjudge,上海-新房总监-100题-631-考试占比-20260330-1716#resume11_13_r1,sh:v20260320_021958:1:191:862a995f,reverse_solve_fail,False,2,客户张明为沪籍，家庭名下在沪无住房。其配偶在2010年（限购前）与父母共同登记在产证上的住房共有3套，且均无商业贷款在还。张明家庭不属于多子女家庭。若张明申请个人住房商业贷款，其首套认定结果为（　）。,审计不通过。核心问题在于【反向解题】失败。题干条件“张明为沪籍，家庭名下在沪无住房。其配偶在2010年（限购前）与父母共同登记在产证上的住房共有3套，且均无商业贷款在还。张明家庭不属于多子女家庭。”虽然给出了“非多子女家庭”，但教材切片中“沪籍或非沪籍外地多子女家庭纯商业贷款首套认定标准：不限购的情况下，家庭名下有0套或者1套首套商贷在还。”这条规则并未明确其适用范围仅限于“外地多子女家庭”。题干中“张明为沪籍”与“沪籍或非沪籍外地多子
12,misjudge,上海-新房总监-100题-631-考试占比-验证-20260330-2#resume1_3_r1,sh:v20260320_021958:1:346:c9bbad4c,,True,1,根据攀登指数计算公式（5*规模+3*效率+2*能力），联动业务线的“能力”指标定义为联动综合能力，其中二手带看含新率占1/2，季度分行破蛋率占1/2。（　）,
13,true_issue,上海-新房总监-100题-631-考试占比-验证-20260330-1#resume1_3_r1,sh:v20260320_021958:1:41:0de3ef4a,reverse_solve_fail|grounding_fail|quality_fail|explanation_fail,False,2,客户张明在购房时了解到，某新建住宅项目已全部建成并通过竣工验收，可以立即交付使用。经纪人王强向张明介绍，这类房屋属于现房。现房相比期房，在同等情况下通常价格更高、风险指数更低、选择空间更小。若张明购买一套总价200万元的现房，按“现房价格通常比同等条件的期房高10%”估算，则同等条件的期房总价约为（　）。,1. 反向解题失败：题干中“现房价格通常比同等条件的期房高10%”这一关键计算前提在教材中不存在。当前切片表格仅定性描述“房屋价格：低（同等情况下）/中（同等情况下）/高（同等情况下）”，未提供任何具体百分比数值。考生无法从教材中推导出10%这个比例，必须依赖题干“给定”的虚构规则才能计算，这违反了反向解题原则。2. 解析无效：解析错误声称教材原文支持10%的比例，存在事实错误。3. 质量检查不通过：题目引入教材未给出的具体数值，对经纪
14,true_issue,上海-新房总监-100题-631-考试占比-验证-20260330-4#resume1_3_r1,sh:v20260320_021958:1:48:1f681c74,calculation_target_mismatch,False,3,关于叠拼别墅的建筑形式特征，下列描述正确的是（　）。,计算题设问目标发生语义漂移（期望: 一套叠拼别墅的房产证上记载的建筑面积为150平方米其上层住户拥有一个面积为20平方米的露台该套房屋的实际可使用面积不含露台为，当前签名: 关于叠拼别墅的建筑形式特征下列描述正确的是，原因: 当前题干询问的是叠拼别墅的建筑形式特征，而期望设问目标关注的是房屋实际可使用面积的计算，两者涉及的计算对象完全不同。）
15,true_issue,上海-新房总监-100题-631-考试占比-验证-20260330-8#resume1_3_r1,sh:v20260320_021958:1:274:6b8c8335,reverse_solve_fail|quality_fail,False,3,上海链家为全面评估服务水平，定义了“问题发生率”指标。经纪人小王在查看公司服务报告时，发现该指标的计算涉及一个关键数据：公司统计了2025年全年通过所有指定渠道收集到的消费者反馈问题总数。根据公司对“问题发生率”的统计口径，这个作为分子的总数是（　）。,审计不通过。主要问题：1. 题目傻瓜化直给答案：题干场景与教材原文高度一致，正确选项是教材中直接给出的唯一数值，考生无需业务理解即可作答，违反了质量把关规则。2. 干扰项质量低：所有错误选项均为对正确答案进行简单算术运算得出的随机数字，没有体现对知识点的易错点考察。根据审计铁律，命中任意Fail条件即判定不通过。
16,misjudge,上海-新房总监-100题-631-考试占比-验证-20260330-7#resume1_3_r1,sh:v20260320_021958:1:308:3400b1de,,True,2,根据信用分规则，在2024年7月10日核算经纪人张明的累计信用分扣减时，若其有一笔违规扣分发生在2023年7月9日（距当前日期已超过一个顺延年约365天），这笔扣分仍应计入本次累计扣减分数（　）,
17,misjudge,上海-新房总监-100题-631-考试占比-验证-20260330-9#resume1_3_r1,sh:v20260320_021958:1:332:f45a26d8,,True,1,你作为上海链家新房经纪人，正在为一位考虑置换的客户王先生提供咨询服务。王先生想卖掉现有住房，并用售房款加上部分积蓄购买一套改善型新房。你向他介绍公司2026年重点推动的“焕新+”业务模式，并说明该模式如何与公司战略相结合。以下关于“焕新之战”战略目标的描述，符合公司2026年战略要求的是（　）。,
18,true_issue,上海-新房总监-100题-631-考试占比-验证-20260330-9#resume1_3_r1,sh:v20260320_021958:2:347:6b063b6e,quality_fail,False,1,在运营总经理的考核与评价管理中，攀登指数会被应用于以下哪些具体场景（　）。,1. **适纲性与反向解题**：题目完全基于当前切片知识，题干已触发到唯一教材规则，可唯一确定答案为ABCD。2. **质量把关（核心拦截项）**：题目存在“直给答案效应”。题干设问“攀登指数会被应用于以下哪些具体场景”，而四个选项A、B、C、D的文字与教材原文列出的四项应用范围（运营总经理底线考核、年度PSU激励、升降级、竞聘）几乎完全一致。考生无需任何业务知识或理解，仅通过比对题干“具体场景”与选项文字，即可直接锁定全部正确选项，题
19,misjudge,模板题量约束验证-20260331-1#p4,sh:v20260320_021958:1:4:18aa3fe2,,True,1,以下关于房地产市场周期波动影响因素的表述中，正确的有（　）。,
20,misjudge,模板题量约束验证-20260331-1#p4,sh:v20260320_021958:2:40:21f9b93d,,True,1,一套商品住宅于2015年竣工，一直空置未使用。2025年，业主打算出售此房。根据房龄计算规则，该套住宅属于（　）。,
21,true_issue,模板题量约束验证-20260331-1#p4,sh:v20260320_021958:3:345:c9e982c5,reverse_solve_fail|quality_fail|code_check_fail,,3,某运营总经理第一季度各月月度分润分别为10万元、12万元、8万元。该季度其大区市占目标达成率为110%，市占率绝对值为12%；报盘率季度增幅为8%，报盘率绝对值为15%；绿金品质指数为85。已知教材中对各系数的取值规则如下： - 市占考核系数S：市占目标达成率≥110%时，系数为1.0；市占率绝对值≥12%时，系数为1,审计不通过。核心问题在于【反向解题失败】。教材规则（当前切片）明确要求系数S、Z、Q的取值需依据“具体对应如下表”。题干虽然给出了各指标的数值（如市占目标达成率110%），但并未提供这些数值与系数之间的映射关系表。相反，题干直接以“已知本题系数取值规则如下”的形式给出了系数值（如110%对应1.0）。这使得考生无需调用教材中的表格规则，仅凭题干给出的“已知规则”即可完成计算，题目变成了简单的算术题，失去了考查对教材规则（表格）掌握程度的
22,true_issue,模板题量约束验证-20260331-1#p4,sh:v20260320_021958:4:344:d96f347a,reverse_solve_fail|quality_fail|code_check_fail,False,4,某运营总经理第一季度1月、2月、3月的月度分润分别为10000元、12000元、8000元。已知其市占考核系数S为0.8，报盘激励系数Z为0.3，绿金扣分系数Q为-0.1。根据季度分润计算公式，该运营总经理第一季度的季度分润为金额（元）（　）。,审计不通过。原因：1. 【选项规范审计Fail】选项A、B、C、D均包含单位“元”，违反了“选项中有单位时，必须将单位提到题干中”的规则。2. 【选项逻辑（干扰项审计）Fail】数值型干扰项B(7200)和C(7800)缺乏可解释的合理错误推导路径，更像是随机数字，不符合“优质干扰项应考察易错点”的要求。3. 【反向解题】虽然根据题干条件和教材公式可唯一计算出答案9000元（对应D），但上述质量问题已触发Fail条件，必须判定为审计不通
23,misjudge,模板题量约束验证-20260331-1#p3,sh:v20260320_021958:1:347:47df9102,,True,2,在干部指数考核规则中，攀登指数用于评价运营总经理后，将直接应用于以下哪一项管理场景（　）。,
24,uncertain,模板题量约束验证-20260331-1#p3,sh:v20260320_021958:2:211:27d59a8c,reverse_solve_fail,False,4,客户张明（男，35岁）与妻子李芳（女，33岁）均为上海在职职工，已连续缴存公积金超过6个月。他们家庭名下在沪无住房，但张明婚前曾与父母共有一套住房，登记在三人名下。张明家庭在全国范围内有过1次公积金贷款记录，该贷款已结清，目前公积金未在使用。经查询，张明与李芳的个人征信报告均无连续6期或累计12期以上的逾期记录，且目前,审计不通过。核心问题在于反向解题失败。虽然从表面条件看，张明家庭符合当前切片中首套房的描述（在沪无住房、全国1次贷款记录、公积金未使用），且婚前与父母共有的房产似乎可被‘剔除’。但切片规则中对‘剔除’条件的表述——‘在婚前借款人及其配偶与各自父母登记在产证上的最多各有1套可以剔除’——存在解释空间。‘登记在产证上’是否明确包含‘与父母共有’？‘各有1套’的‘各’是指借款人个人还是借款人及其配偶各自？题干中‘登记在三人名下’是典型的共有情
25,misjudge,模板题量约束验证-20260331-1#p3,sh:v20260320_021958:3:210:05fafcf5,,True,1,根据现行公积金贷款政策，购买第二套住房，若该住房位于上海市嘉定、青浦、松江、奉贤、宝山、金山6个行政区全域或临港新片区，其最低首付比例为（　）。,
26,misjudge,模板题量约束验证-20260331-1#p3,sh:v20260320_021958:4:210:112426f2,,True,1,根据公积金贷款政策，购买二套住房时，若房屋位于临港新片区或嘉定、青浦、松江、奉贤、宝山、金山这6个行政区全域，适用的最低首付比例为（　）。,
27,true_issue,模板题量约束验证-20260331-1#p3,sh:v20260320_021958:5:202:60c1f7cc,reverse_solve_fail|grounding_fail|quality_fail|explanation_fail,,2,客户王强，上海户籍，已婚，育有一名5岁未成年子女，与配偶共同购买一套位于外环内的新房，总价500万元，首付款200万元，申请商业贷款300万元。根据商业贷款面签备件要求，经纪人需要提醒王强准备以下哪些材料（　）。,审计不通过。核心问题：题干选项与解析答案存在致命矛盾。题干仅列出A、B、C、D四个选项，但解析声称答案为ABCDE，并详细解析了选项E（未成年子女出生证及户口簿复印件）。根据当前切片规则，选项E确实是必要备件，但题干未提供此选项，导致考生无法选择正确答案，题目无法成立。这违反了【典型错题审计】中“题干与选项/解析前后不一致”的Fail条件。此外，这也导致【反向解题】失败，因为考生无法从题干选项中得到唯一且确定的答案（正确选项E缺失）。必
28,misjudge,模板题量约束验证-20260331-1#p3,sh:v20260320_021958:6:195:05b21fcc,,True,1,客户张明计划申请一笔商业贷款，名下已有其他贷款，每月总还款额为8000元。根据商业贷款收入证明的要求，以下关于张明收入证明金额的说法正确的有（　）。,
29,true_issue,模板题量约束验证-20260331-1#p3,sh:v20260320_021958:9:194:79e57901,reverse_solve_fail|quality_fail|code_check_fail,False,4,客户王明申请商业贷款购买一套住宅，房屋正常评估价为200万元，贷款成数为65%。王明家庭名下无其他负债，其收入证明显示月收入为8000元。若该笔商业贷款采用等额本息还款方式，贷款期限为30年，年利率为4.5%（月利率为0.375%）。已知等额本息月供计算公式为：月供 = 贷款本金 × [月利率 × (1+月利率)^期数,审计不通过。原因：1. 【选项逻辑审计 Fail】选项C“月供约为4000元”与题干已设定的计算条件（有明确公式和参数）完全矛盾，是一个无效干扰项，违反了干扰项应“似是而非、可解释”的质量要求。2. 【选项规范审计 Fail】选项C和D包含单位“元”，但题干未将单位提前。3. 【质量把关审计 Fail】题干隐含的计算（等额本息月供）过于复杂，依赖计算器，且未明确保留位数，不符合简算优先原则。虽然题目考查的规则（收入与月供比例）适纲，推导
30,misjudge,模板题量约束验证-20260331-1#p3,sh:v20260320_021958:10:193:6aa1d167,,True,2,根据商业贷款资格认定规则，家庭负债通过征信报告认定，征信报告没有体现的负债一般不会认定。客户张明家庭月收入为18000元，其征信报告显示每月需偿还的现有贷款（车贷）为2000元。银行以收入证明作为家庭收入认定依据，以征信报告作为家庭负债认定依据。以下关于张明家庭收入与负债倍数关系的说法中，正确的有（　）。,
31,true_issue,模板题量约束验证-20260331-1#p3,sh:v20260320_021958:11:193:6e7b6921,calculation_region_condition_missing,False,3,客户王明计划申请商业贷款购买一套住宅，其家庭每月需偿还的各类贷款（包括现有房贷、车贷等）总额为8000元。银行要求其家庭月收入至少达到月负债的2倍。王明提供了其个人所得税纳税记录，显示每月纳税额为400元（假设适用税率为10%）。同时，其家庭每月公积金缴存总额为1200元。经纪人需要评估其收入是否符合银行要求，下列计算,题干缺少区域口径（是否城六区），无法唯一确定分段单价
32,true_issue,模板题量约束验证-20260331-1#p3,sh:v20260320_021958:13:190:63f12626,reverse_solve_fail|grounding_fail|quality_fail|explanation_fail,False,4,上海市个人住房商业性贷款的套数认定（首套/二套）涉及银行和不动产登记机构两个部门，两个部门的认定标准有时一致、有时不一致。在贷款环节，银行会按照一套特定的标准进行认定。关于这一认定环节，下列哪项表述一定正确（　）。,审计不通过。核心问题是反向解题失败。当前知识切片（五、商业贷款套数认定标准）在核心内容处以“按照下列标准认定：”结尾，且metadata明确标注为不完整（incomplete）。题干考查的正是“认定环节”，但考生在考试时无法看到“下列标准”的具体内容。虽然选项A的表述在逻辑上与切片前半部分相符，但考生在闭卷考试中，面对一个明确提示规则未展开的教材片段，无法确信“银行自身的标准”就是教材中未给出的那部分内容，也无法排除其他可能性（例如，银
33,misjudge,模板题量约束验证-20260331-1#p3,sh:v20260320_021958:16:332:75b68ffb,,True,1,经纪人小王在向客户介绍链家的服务能力时，想说明公司已不仅是新房销售平台，而是能提供贯穿居住全周期的综合服务。根据公司2026年围绕“十大战役”的规划，以下哪些具体业务举措可以作为他向客户展示“全产业链综合服务商”定位的例证（　）。,
34,misjudge,模板题量约束验证-20260331-1#p3,sh:v20260320_021958:17:332:7709e504,,True,2,门店在2026年推进“十大战役”时，经理要求所有战役动作必须用“项目制”拆解到人、到节奏、到结果，并通过穿透式管理确保落地。以下做法中，最符合材料所述“科学之战”要求的是（　）。,
35,misjudge,模板题量约束验证-20260331-1#p3,sh:v20260320_021958:19:187:cdc4cc13,,True,3,经纪人王强在复盘一笔新房商业贷款交易时，发现记录的流程节点顺序为：签署买卖合同并支付定金 → 网签 → 买方办理商业贷款 → 银行放款 → 房屋交付。按照标准的商业贷款流程，在“买方办理商业贷款”之后、“银行放款”之前，紧接着必须完成的环节是（　）。,
36,misjudge,模板题量约束验证-20260331-1#p3,sh:v20260320_021958:20:214:622747db,,True,2,客户张明（男，35岁）与妻子李芳（女，33岁）均为上海户籍，育有一名5岁女儿。他们家庭名下在沪无住房，计划申请公积金贷款购买一套经核实认定的二星级新建绿色建筑住房作为首套住房。经纪人王强在计算其家庭公积金贷款最高额度时，下列计算结果正确的有（　）。,
37,misjudge,模板题量约束验证-20260331-1#p3,sh:v20260320_021958:21:197:2dd2355a,reverse_solve_fail|grounding_fail|quality_fail|code_check_fail|explanation_fail,False,4,客户王强今年46周岁，计划通过商业贷款购买一套住宅。该住宅于2016年建成，不动产权证书上记载的竣工日期为2016年。若当前为2026年，根据商业贷款贷款年限确定规则，王强此次贷款的最长贷款年限为（　）。,审计不通过。核心问题是反向解题失败：题干未提供计算房龄所必需的“当前年份”。题干中“若当前为2026年”是一个假设条件，而非给定事实，考生无法据此确定当前年份来计算房龄。这导致无法依据题干条件唯一推导出答案，违反了反向解题的“缺关键数值/条件”Fail条件。此外，解析基于题干未明确的条件进行计算，导致解析无效。题目质量检查也未通过。
38,misjudge,模板题量约束验证-20260331-1#p3,sh:v20260320_021958:22:198:d0cb754b,,True,3,经纪人王强在为客户办理二手房商业贷款时，需要向银行提供最权威的房屋年龄认定依据。依据教材关于房屋年龄认定方法说服力与权威性的比较，王强可以采取的正确做法包括（　）。,
39,uncertain,模板题量约束验证-20260331-1#p3,sh:v20260320_021958:23:210:afb47711,reverse_solve_fail|grounding_fail|quality_fail|explanation_fail|writer_issue,False,4,客户王强，男，38周岁，在上海缴纳公积金满8年，名下在沪无住房且全国范围内无公积金贷款记录。他计划通过公积金贷款购买一套位于松江区（属于“二套（贷款所购住房位于临港新片区以及嘉定、青浦、松江、奉贤、宝山、金山6个行政区全域的）”所列区域范围内）的新建商品住宅，房屋总价300万元，贷款年限为10年。根据公积金贷款政策表，,审计不通过。题目存在致命逻辑缺陷，导致反向解题失败。题干一方面给出了符合教材“首套房”认定标准的客户条件（名下在沪无住房、全国无贷款记录），另一方面又强行将购房区域（松江区）与政策表中的“二套”区域描述直接等同，并以此作为选择利率的唯一依据。教材中的政策表是“结果”展示，其适用的前提是房屋套数已根据“四、公积金贷款套数认定标准”完成认定。题干跳过套数认定步骤，直接由区域反推套数并适用利率，这与教材建立的规则体系（先认定套数，再查表得政策
40,misjudge,模板题量约束验证-20260331-1#p3,sh:v20260320_021958:26:306:ad2735b6,,True,1,经纪人张伟因录入虚假房源被扣减信用分3分。根据公司信用管理规则，关于其积分扣减的启动，以下哪项描述是正确的（　）。,
41,true_issue,模板题量约束验证-20260331-1#p3,sh:v20260320_021958:27:232:e06d0095,reverse_solve_fail|grounding_fail|quality_fail|code_check_fail|explanation_fail,False,4,上海市某拆迁居民取得拆迁补偿款500万元。其新购入一套住房，税务核定价600万元，适用的契税税率为1.5%。按“拆迁补偿款新购住房契税减免”规则计算，该居民此次新购住房应缴纳的契税税额为（　）。（单位：万元）。,审计不通过。核心问题在于反向解题失败：题干仅说“新购入一套住房”，未明确是“新房”还是“存量房”。教材规则中，新房交易可忽略增值税，存量房需减去增值税。题干未提供增值税金额，若考生按存量房理解，则无法计算唯一答案。这违反了反向解题的“唯一且确定的答案”原则。解析中默认按新房处理，属于主观补充条件，不能弥补题干缺陷。此外，解析与题干条件不一致（解析补充了“新房”前提），导致解析无效，进而 grounding_check_passed 为 
42,misjudge,模板题量约束验证-20260331-1#p3,sh:v20260320_021958:28:230:06917080,,True,1,客户王明名下已有一套住房，现购买一套建筑面积为128㎡的新建商品住宅，该住宅的税务核定价为620万元。王明需要缴纳的契税金额为（万元）（　）。,
43,misjudge,模板题量约束验证-20260331-1#p3,sh:v20260320_021958:30:274:adc41103,,True,2,上海链家为全面评估服务水平，定义了“问题发生率”这一新指标。在计算该指标时，作为分子的消费者反馈问题总数，其统计口径需要明确两个关键要素。以下关于这两个要素的描述，正确的是（　）。,
44,misjudge,模板题量约束验证-20260331-1#p3,sh:v20260320_021958:31:218:19873447,,True,2,在组合贷款办理中，经纪人向客户解释，银行面签后需要完成一项关键步骤，该步骤的结果将直接影响商业贷款部分的额度计算。这项关键步骤是（　）。,
45,uncertain,模板题量约束验证-20260331-1#p3,sh:v20260320_021958:32:192:da252103,reverse_solve_fail,,3,沪籍家庭王伟家庭名下在沪已有一套住房，该住房的商业贷款已结清。现王伟计划再次申请商业贷款购买一套新房，按照上海市个人住房商业性贷款套数认定标准，此次申请应被认定为（　）。,根据反向解题最高裁决权：题干条件“家庭名下在沪有一套住房，商贷已结清”可直接触发当前切片二套认定规则（无论贷款是否结清），但教材在“二套认定”切片下有一条注记：“沪籍或非沪籍外地多子女家庭纯商业贷款二套认定标准：不限购的情况下，家庭名下有2套首套商贷在还。”同时，在“首套认定”切片下也有类似注记：“沪籍或非沪籍外地多子女家庭纯商业贷款首套认定标准：不限购的情况下，家庭名下有0套或者1套首套商贷在还。”这两条特殊规则为“沪籍或非沪籍外地多
46,uncertain,模板题量约束验证-20260331-1#p2,sh:v20260320_021958:1:191:e3ed8204,reverse_solve_fail|grounding_fail|quality_fail|explanation_fail,False,4,沪籍家庭张明（非外地多子女家庭），其本人名下在沪无住房，但在限购前曾与父母共同登记在产证上的住房有3套，且均为商业贷款，目前已全部结清。张明现在申请纯商业贷款购买一套新房，按照商业贷款套数认定标准，其本次贷款应被认定为（　）。,题目考查知识点明确来自当前切片，但存在反向解题失败问题。根据教材规则‘在限购前借款人及其配偶与各自父母登记在产证上的最多各有2套可剔除’，题干仅提供了张明本人与父母登记3套，但未明确张明是否为‘借款人’，也未提供其配偶的登记情况。这使得学员无法在不猜测或默认前提（如张明是借款人、配偶无登记）的情况下，唯一推导出‘仍有1套需要计入套数’的结论。因此，题目无法直接进入正式题库。
47,misjudge,模板题量约束验证-20260331-1#p2,sh:v20260320_021958:2:187:e4def4cc,,True,1,客户通过商业贷款购买新房，在签署买卖合同并支付定金后，接下来应该进行的步骤是（　）。,
48,true_issue,模板题量约束验证-20260331-1#p2,sh:v20260320_021958:5:5:658332b8,reverse_solve_fail|answer_mismatch|grounding_fail|quality_fail|code_check_fail|explanation_fail|writer_issue,False,3,一套房屋的挂牌价为320万元，最终以300万元成交，其价差率为（　）。,【审计不通过】 1.  **反向解题失败（最高优先级）**：题干提供了计算价差率的具体数值（挂牌价320万，成交价300万），但设问要求判断价差率在“量价齐跌”阶段的变化趋势。教材规则（当前切片）指出“价差率不断缩小，说明市场向好”。要回答本题，考生必须知道“量价齐跌是市场低谷期（向坏）”，并据此反推“价差率应不断放大”。然而，题干中完全没有提及“量价齐跌”或任何市场周期阶段的信息。这个关键前提是缺失的，考生无法从题干条件推导出适用“市
49,uncertain,模板题量约束验证-20260331-1#p2,sh:v20260320_021958:11:346:3e894648,reverse_solve_fail|answer_mismatch|grounding_fail|quality_fail|explanation_fail,False,3,某区域联动业务线运营总经理，在2026年度PSU激励评选中，其规模指标（认购业绩目标达成率）经排名赋分后得85分，效率指标（联动占有率）经排名赋分后得78分，能力指标（联动综合能力）经排名赋分后得92分。按照公司干部考核规则，该运营总经理的年度攀登指数应为85×5+78×3+92×2（　）,审计不通过。核心问题是反向解题失败。教材规则“上述指标均为排名赋分”存在歧义：“指标”可指最终代入主公式的规模、效率、能力得分（理解A），也可指构成这些得分的子指标（如联动占有率下的在营盘市占增长率、客占率）（理解B）。题干直接给出了规模、效率、能力的得分，并陈述了一个计算式，这预设了理解A。但考生仅凭题干和教材，无法排除理解B的可能性。若按理解B，则需要知道子指标的排名赋分结果和权重才能合成最终得分，题干未提供这些信息，因此无法验证题
50,misjudge,模板题量约束验证-20260331-1#p2,sh:v20260320_021958:12:347:56f31d8f,,True,2,联动业务线运营总经理王强的2026年度攀登指数已测算完成。根据教材对“攀登指数应用范围”的规定，该指数结果将直接应用于以下哪些人事管理场景？（多选）（　）。,
51,true_issue,模板题量约束验证-20260331-1#p2,sh:v20260320_021958:13:209:221d259d,quality_fail|condition_overload,True,4,客户王强，男，今年45周岁，欲通过公积金贷款购买一套新建商品住宅。该住宅位于嘉定区，王强家庭名下在沪无住房，全国范围内无公积金贷款记录。根据公积金贷款政策，本次贷款的最长年限为（　）。,"题干设问与选项内容严重不匹配，题干询问贷款最长年限，选项却全是关于面签时间，导致所有题干条件均与选项判定无关，冗余度极高。；建议：应将设问改为与选项匹配的内容，例如：“根据公积金贷款流程，面签应在何时进行？” 或 将选项改为与贷款年限相关的内容。；冗余条件：客户王强，男，今年45周岁, 欲通过公积金贷款购买一套新建商品住宅, 该住宅位于嘉定区, 王强家庭名下在沪无住房，全国范围内无公积金贷款记录, 根据公积金贷款政策，本次贷款的最长年限"
52,uncertain,模板题量约束验证-20260331-1#p2,sh:v20260320_021958:14:209:1a3f8000,reverse_solve_fail|missing_preconditions,False,4,客户张伟（男，40周岁）和李芳（女，38周岁）为夫妻，均正常缴纳上海市公积金，符合公积金贷款条件。他们计划申请公积金贷款购买一套位于浦东新区的新建商品住宅，该住宅为家庭名下在沪首套住房。若以张伟作为主贷人，本次公积金贷款的最高贷款年限为（　）。,题干未给出计算公积金贷款年限所需的年龄规则，导致无法确定主贷人（张伟，40周岁）对应的最高可贷年限，从而无法在选项A(23年)、C(28年)、D(30年)之间稳定判定唯一答案。；缺失：主贷人年龄对应的公积金贷款最长年限计算规则
53,misjudge,模板题量约束验证-20260331-1#p2,sh:v20260320_021958:16:198:6fee0220,,True,1,经纪人王强在为客户办理商业贷款时，需要确定房屋年龄。以下关于房屋年龄认定方法“权威性/说服力”的说法中，正确的是（　）。,
54,misjudge,模板题量约束验证-20260331-1#p2,sh:v20260320_021958:18:303:f7411271,,True,2,经纪人因两次违规行为被分别扣减信用分2分和1分。在计算其当前信用分时，应直接记录其累计扣减分数为3分（　）,
55,misjudge,模板题量约束验证-20260331-1#p2,sh:v20260320_021958:19:198:fd83c6e5,,True,2,客户王明准备申请商业贷款购买一套住宅，经纪人需要协助确定房屋年龄以计算最长贷款年限。已知可用于认定房屋年龄的材料包括：不动产权证书（房屋登记表记载日期）、不动产登记主管部门档案查询结果、房屋评估报告。关于三种房屋年龄认定方法的说服力与权威性排序，下列说法正确的有（　）。,
56,misjudge,模板题量约束验证-20260331-1#p2,sh:v20260320_021958:20:275:c4440a84,quality_fail,True,4,根据男士6S标准着装要求，在夏季且未穿着西服外套的场景下，下列做法正确的有（　）。,题目考查当前切片内容，适纲性、反向解题、解析均通过。但存在严重质量问题：选项D“将衬衫袖子向上卷起”与教材规则“单穿长袖衬衫时，不可撸袖子”在题干设定的“夏季且未穿着西服外套”场景下构成直接逻辑矛盾，违反了“选项与题干条件相悖”的Fail条件。因此审计不通过。
57,true_issue,模板题量约束验证-20260331-1#p2,sh:v20260320_021958:21:275:9f109414,quality_fail,False,3,夏季，一位经纪人单穿纯白色长袖衬衫（纽扣全系、下摆塞入）接待客户，他将衬衫袖子撸起，佩戴了工牌和链家领带，下身穿着深灰色西裤和黑色商务皮鞋，并系了一条棕色且有金属扣装饰的皮带。其发型前不覆额、侧不盖耳，发色为深棕色。根据男士6S标准着装规定，该经纪人着装存在几处不合规之处（　）。,题目核心考查点（衬衫袖子、皮带规则）均严格依据当前切片规则，场景完整，可反向解题得出唯一答案BD。解析结构完整、逻辑清晰。但选项D的表述“着装存为棕色且有装饰”存在明显歧义，不符合题干/选项规范审计中关于表述清晰、语义完整的要求，属于质量问题，故quality_check_passed为false。需修正选项D的表述。
58,uncertain,模板题量约束验证-20260331-1#p2,sh:v20260320_021958:22:276:6a6d6171,reverse_solve_fail|grounding_fail|quality_fail|explanation_fail,False,4,夏季，一位女经纪人准备接待客户。她穿着纯白色长袖衬衫（无图案），衬衫下摆已塞进深灰色西裤，并搭配了黑色船式皮鞋（无装饰）和黑色商务袜。她未穿西服外套或西装马甲。以下是她自查发现的几个情况，请判断其中哪些做法不符合公司“女士6S标准着装”的规定（　）。,审计不通过。核心问题在于反向解题失败（can_deduce_unique_answer=false）。具体分析： 1. 题干考查“女士6S标准着装”规定，场景和规则均来自当前切片，适纲性、质量、格式等均无问题。 2. 选项A、B、D的违规性明确，依据教材规则可唯一判定。 3. 关键争议在于选项C：“未穿西服外套，但衬衫上佩戴了司徽”。教材规则原文为：“司徽：着西服外套时必须佩戴”。该规则明确了“必须佩戴”的条件（着西服外套时），但未明确
59,misjudge,模板题量约束验证-20260331-1#p1,sh:v20260320_021958:2:196:c35b67e6,,True,1,客户申请商业贷款购买住房，其收入证明不足以覆盖月供的两倍。经纪人介绍了银行认可的几种补充方式。下列选项中，属于银行认可的补充方式的有（　）。,
60,misjudge,模板题量约束验证-20260331-1#p1,sh:v20260320_021958:3:347:e9c9d50c,,True,2,上海链家新房事业部在季度运营分析会上，需要依据运营总经理的攀登指数排名来做出多项管理决策。以下哪些管理决策可以直接依据攀登指数排名来执行（　）。,
61,misjudge,模板题量约束验证-20260331-1#p1,sh:v20260320_021958:7:346:308c1250,,True,2,运营总经理小张在分析渠道业务线的攀登指数时，注意到渠道业务线的‘能力’指标是‘活跃分销开单目标达成率’。他认为，由于各业务线的指标构成不同，渠道业务线的攀登指数计算公式权重可能与联动业务线不同。小张的判断是否正确（　）,
62,true_issue,模板题量约束验证-20260331-1#p1,sh:v20260320_021958:10:213:9057fdc1,reverse_solve_fail|missing_preconditions,,3,客户王伟，35岁，在沪缴纳公积金8年，目前名下在沪无住房，全国范围内无正在使用的公积金。他计划购买一套位于浦东新区的公寓。根据公积金贷款政策，王伟是否可以申请公积金贷款购买该公寓（　）。,题干未明确王明是否缴纳补充公积金，导致无法稳定判断最高贷款额度是120万元还是144万元，从而无法确定C和D哪个正确或是否都应选/不选。；缺失：王明是否缴纳补充公积金 missing_conditions: 王明是否缴纳补充公积金
63,misjudge,模板题量约束验证-20260331-1#p1,sh:v20260320_021958:11:210:9ca90c87,,True,2,客户王强家庭在沪已有一套住房，现计划通过公积金贷款购买一套位于浦东新区（非临港新片区）的新建商品住宅。根据公积金贷款政策，王强家庭本次购房的最低首付比例为（　）。,
64,misjudge,模板题量约束验证-20260331-1#p1,sh:v20260320_021958:12:188:10684fe5,,True,1,客户张明计划申请一笔5年期以上的个人住房商业贷款。经纪人了解到，当前5年期以上LPR为3.5%，某银行针对优质客户执行下浮35个基点（BP）的优惠。张明在该银行申请的商业贷款利率是（　）。,
65,misjudge,模板题量约束验证-20260331-1#p1,sh:v20260320_021958:14:210:6b192fe4,,True,2,根据现行公积金贷款政策，购买二套住房，若所购住房位于临港新片区以及嘉定、青浦、松江、奉贤、宝山、金山6个行政区全域，其最低首付比例为（　）。,
66,misjudge,模板题量约束验证-20260331-1#p1,sh:v20260320_021958:15:201:fc9bd73f,,True,2,客户张伟计划申请一笔商业贷款，贷款金额为100万元，贷款期限为20年，年利率为4.5%。关于其月供相关表述，以下说法正确的是（　）。,
67,misjudge,模板题量约束验证-20260331-1#p1,sh:v20260320_021958:16:214:73abda47,,True,3,客户张明与配偶李丽均为上海户籍，家庭名下在沪无住房，拟申请公积金贷款购买首套、经核实认定的二星级新建绿色建筑住房；家庭符合我国生育政策，育有两名子女（其中一名未成年）。另已核定：本次“参与申请公积金贷款的人数及对应额度”测算结果为300万元。根据上海公积金贷款政策（2026/2/25），该家庭本次公积金贷款最高可贷金额,
68,misjudge,模板题量约束验证-20260331-1#p1,sh:v20260320_021958:17:48:a1e35121,,True,2,关于叠拼别墅的建筑形式与典型配置，下列说法正确的是（　）。,
69,misjudge,模板题量约束验证-20260331-1#p1,sh:v20260320_021958:18:355:46e08175,quality_fail|writer_issue,True,4,上海链家某大区运营总计划组织一次为期3天的外出团建，以提升团队战斗力。他已在团建开始前，通过邮件向所属事业部总经理报备并获得审批同意。该大区在上一周期（2月至7月）未组织过外出团建。根据公司规定，该大区本次团建计划符合外出团建的管理要求。（　）,1. 适纲性/导向性：题目综合考查外出团建的管理要求，涉及界定、频次、时长、审批等核心规则，对干部工作有直接指导意义，符合公司合规要求。未超纲，未涉及无帮助的死记硬背或概念辨析。 2. 地理与范围：教材未限定具体城市，题干出现“上海链家”不冲突。 3. 逻辑自洽：题干条件推导出的结论与正确答案（正确）一致。 4. 反向解题：考生可根据题干给出的“大区”、“3天”、“外出团建”、“上一周期未组织”、“已报备审批”等条件，唯一触发并应用教材
70,true_issue,模板题量约束验证-20260331-1#p1,sh:v20260320_021958:19:355:f6aa8e01,reverse_solve_fail|missing_preconditions,False,3,一次活动持续3天，并在考勤系统中以‘团建’事由提交了外勤申请。根据公司外出团建管理规定，这次活动属于外出团建吗（　）。,题干未明确本次活动的组织层级，而选项B、C、D的判定依据均与层级相关，导致无法稳定判断这些选项是否正确，从而无法稳定选出唯一正确答案。；缺失：本次活动的组织层级（事业部/大区/分行）
71,misjudge,模板题量约束验证-20260331-1#p1,sh:v20260320_021958:20:353:abe9672c,,True,1,你是上海链家新房事业部联动业务线的联动总监。为促进团队融合，你计划使用月度常规团建费组织一次团队聚餐。根据公司规定，你每月可用于此类常规团建的经费标准及发放形式是（　）。,
72,misjudge,模板题量约束验证-20260331-1#p1,sh:v20260320_021958:21:193:8514d3bc,,True,1,根据商业贷款资格认定规则，关于借款人家庭收入、负债与征信要求，下列说法正确的有（　）。,
73,misjudge,模板题量约束验证-20260331-1#p1,sh:v20260320_021958:26:228:d37cf750,,True,2,客户王明申请了组合贷款：公积金贷款80万元、商业贷款40万元，期限20年。其公积金账户余额15万元。若他选择年冲方式，并在当年4月办理年冲，关于冲还贷后月还款额变化及后续还款资金安排，正确的是（　）。,
74,misjudge,模板题量约束验证-20260331-1#p1,sh:v20260320_021958:27:352:b303b65d,generation_mode,False,3,根据2026年Q1述职管理规则，链家新房运营总经理的季度述职内容应聚焦于其核心业务管理职责的履行情况。（　）,筛选条件不符合：当前为【实战应用/推演】，题干未满足业务场景语义判定（语义判定: 题干仅复述述职规则中对述职内容聚焦方向的要求，属于抽象管理规则描述，未涉及具体可执行业务情境。）
75,uncertain,上海-新房总监-100题-631-考试占比-验证-20260330-10#p4,sh:v20260320_021958:1:213:9b2322fe,reverse_solve_fail|grounding_fail|quality_fail|explanation_fail,False,4,客户王明，已婚，家庭名下在沪无住房，全国范围内无公积金贷款记录，目前公积金未在使用。王明看中一套位于嘉定区的居住性质公寓，总价300万元，计划申请公积金贷款。经纪人李娜需要判断该房屋是否可以使用公积金贷款，并计算其家庭最高可申请的公积金贷款额度。以下说法正确的是（　）。,审计不通过。主要问题：1. 反向解题失败：题干仅给出家庭在沪无住房、全国无贷款记录、公积金未在使用，但根据教材“四、公积金贷款套数认定标准”，首套认定还需考虑“全国范围内公积金贷款使用过0次或1次”（题干已满足）和“婚前与父母共有房产可剔除”等例外，题干未明确排除这些例外，且额度计算规则（切片七）要求考虑“当地政策规定”和“参与申请人数”取最低值，题干未给出参与人数、是否多子女家庭、是否绿色建筑等条件，导致无法唯一确定家庭最高额度为24
76,true_issue,上海-新房总监-100题-631-考试占比-验证-20260330-10#p4,sh:v20260320_021958:2:210:63189be0,reverse_solve_fail|answer_mismatch|grounding_fail|quality_fail|explanation_fail|writer_issue,,3,客户张伟，35周岁，已婚，家庭名下在沪已有1套住房，全国范围内无公积金贷款记录，计划通过公积金贷款购买一套位于嘉定区的新建商品住宅，贷款年限计划为20年。根据当前公积金贷款政策，张伟家庭本次公积金贷款适用的最低首付比例为（　）。,审计不通过。核心问题是【反向解题失败】。题干明确将房屋套数口径设定为“二套（贷款所购住房除以上区域）”，这直接定位到教材政策表的第三行。但同时，题干给出的客户条件（在沪无住房、全国无公积金贷款记录）完全符合教材“四、公积金贷款套数认定标准”中“首套房”的定义。这导致考生面临两条合理路径：1. 严格按照题干设定口径（二套）答题；2. 根据客户条件自行判断为“首套”答题。两条路径得出的答案集不同（路径一：C、D；路径二：A、B、C）。题干内
77,uncertain,上海-新房总监-100题-631-考试占比-验证-20260330-10#p4,sh:v20260320_021958:4:202:5208cc18,reverse_solve_fail|answer_mismatch|grounding_fail|quality_fail|explanation_fail,False,3,客户王明（35岁）与配偶李芳（33岁）均为外地户籍，婚姻状况为已婚，且无未成年子女。两人计划通过商业贷款购买一套位于上海外环内的新房。经纪人提醒客户准备银行面签备件时，必须包含以下哪些材料（　）。,题目存在严重逻辑缺陷。题干要求选择“必须包含”的材料，但根据当前切片规则，选项B（个税单）并非“必须”项，而是“视情况而定”。这导致反向解题失败，考生无法基于教材规则唯一确定答案。同时，解析未正确引用教材关键说明，存在误导。因此，审计不通过。
78,misjudge,上海-新房总监-100题-631-考试占比-验证-20260330-10#p4,sh:v20260320_021958:5:195:e0d8a652,,True,2,客户张明计划申请商业贷款购买一套住宅，其家庭名下现有两笔贷款：一笔车贷月供2000元，一笔信用贷款月供1500元。银行要求收入证明的月收入至少达到总负债月还款的2倍。张明开具的收入证明月收入为8000元。下列关于“月收入是否满足2倍要求”的说法中，正确的有（　）。,
79,misjudge,上海-新房总监-100题-631-考试占比-验证-20260330-10#p4,sh:v20260320_021958:8:194:8dbf4e06,,True,2,客户王明申请商业贷款，其家庭月收入为15000元，名下已有房贷月供4000元、车贷月供2000元，拟申请的新房贷月供为5000元。根据中国银行业监督管理委员会要求，下列判断中正确的是（　）。,
80,misjudge,上海-新房总监-100题-631-考试占比-验证-20260330-10#p4,sh:v20260320_021958:9:332:84fa8aea,,True,2,在门店晨会上，经纪人需要用一句话把2026年“十大战役”的某一项升级方向讲清楚。若这句话强调“要把战略盘做爆破，并对滞销盘给出解题方法”，对应的战役是（　）。,
81,uncertain,上海-新房总监-100题-631-考试占比-验证-20260330-10#p4,sh:v20260320_021958:10:275:da3da6f9,quality_fail|writer_issue,True,4,经纪人小王在准备参加公司重要会议时，需要按照男士6S标准着装。以下关于其着装要求的说法中，正确的有（　）。,题目考查内容严格限定在当前切片范围内，题干场景清晰，可反向解题得到唯一答案，解析正确且符合三段式。然而，根据质量把关规则，题目选项未能覆盖路由焦点契约中指定的全部关键变量（司徽佩戴条件、皮鞋颜色），导致无法完整判定“规则判定”这一主任务，属于质量问题。因此，审计不通过。
82,uncertain,上海-新房总监-100题-631-考试占比-验证-20260330-10#p4,sh:v20260320_021958:11:275:c2a9ad2b,reverse_solve_fail|grounding_fail|quality_fail|explanation_fail|writer_issue,False,4,经纪人王强在夏季工作日接待客户。他穿着纯白色长袖衬衫（无任何图案），系着链家领带并佩戴工牌，下身是深蓝色纯色西裤，上身仅穿一件深蓝色纯色西装马甲，未穿西装上衣（西服外套），也未佩戴司徽。根据男士6S标准着装要求，以下判断正确的是（　）。,审计不通过。核心问题在于反向解题失败。题干设问要求判断王强的着装‘符合男士6S标准’，而教材规则明确要求从头部、衬衫、配饰、西装、鞋袜五个方面进行综合判定。题干遗漏了‘头部’（发长、发色）和‘鞋袜’的全部信息，导致考生无法依据题干触发完整的规则进行唯一判定。选项A声称‘整体着装符合……标准’，在信息缺失的情况下，该结论无法被唯一推导。解析也未能指出此信息缺失问题，直接判定A正确，存在逻辑缺陷。根据审计铁律，推导路径因条件缺失而无法完成，
83,true_issue,上海-新房总监-100题-631-考试占比-验证-20260330-10#p4,sh:v20260320_021958:14:332:5c91f54b,quality_fail,False,3,在链家向“全产业链综合服务商”转型的过程中，公司落地了一系列业务动作。以下哪些属于为实现该战略定位而采取的具体业务举措（　）。,题目内容完全基于当前切片，适纲性强，对理解公司战略转型有帮助，导向性良好。逻辑自洽，可反向解题，解析规范。但题干表述“跑通‘焕新+’旧改模式，拓展旧改业务；投入运营‘安心家’，提升以旧换新服务效率；通过房江湖平台为合作伙伴提供创享支持、流量赋能；与开发商建立战略链接，并主动加码圣都、家装等新业务”几乎完整复述了教材中为实现战略定位而采取的具体举措，导致正确选项（ABCD）的内容在题干中已近乎全部呈现。考生仅需简单比对题干与选项文字即可锁
84,true_issue,上海-新房总监-100题-631-考试占比-验证-20260330-10#p3,sh:v20260320_021958:1:356:b09a9f19,reverse_solve_fail|missing_preconditions,False,3,某事业部计划在2024年9月组织一次外出团建活动。作为负责协调的客户经理，你需要根据公司规定，确定本次团建在单次时长上的上限（按自然日计算）。那么，本次团建的单次时长上限为（　）。,题干未明确本次团建的组织层级，而切片规则显示不同层级的单次时长上限不同（事业部5日、大区4日、分行3日），导致无法稳定判定唯一正确答案。；缺失：本次团建的组织层级（事业部/大区/分行）
85,misjudge,上海-新房总监-100题-631-考试占比-验证-20260330-10#p3,sh:v20260320_021958:2:353:e1d89390,quality_fail,False,3,新房事业部为各业务条线设置了月度常规团建费，并随薪发放。以下哪些总监的月度团建费标准为3000元（　）。,题目核心考查点（各总监团建费标准）严格基于当前知识切片，适纲性强，对经纪人掌握公司福利制度有实际帮助。反向解题成功，题干条件足以触发并唯一确定教材规则。解析格式规范、内容正确。主要问题在于干扰项D（事业部总经理）质量不佳，其错误原因过于表面（未提及、身份不符），未能有效考察考生对知识点的深入理解和易错点的辨析，降低了题目的整体质量。根据审计铁律，命中“干扰项过于幼稚，无需专业知识即可排除”的Fail条件，因此判定【审计不通过】。
86,uncertain,上海-新房总监-100题-631-考试占比-验证-20260330-10#p3,sh:v20260320_021958:4:191:ed00e371,reverse_solve_fail,False,4,王强是沪籍居民，属于多子女家庭，且本次购房处于不限购情况。家庭名下在沪无住房，且家庭名下无任何首套商业贷款在还。他与父母在2010年共同登记拥有一套住房，其配偶李娜与父母在2012年共同登记拥有两套住房。现王强家庭计划申请纯商业贷款购买一套新房，在贷款环节，其商业贷款套数应被认定为（　）。,审计不通过。核心问题在于【反向解题】失败。题干场景同时触发了当前切片（首套认定）和相似切片（二套认定）中的规则。当前切片（首套认定）规则未提及“作为主贷人且正在还款的不可剔除”这一限制。然而，相似切片（二套认定）规则中明确包含此限制：“在限购前借款人及其配偶与各自父母登记在产证上的最多各有2套可剔除，但作为主贷人且正在还款的不可剔除”。题干仅说明王强和李娜“与父母共同登记拥有”住房，但未明确他们是否“作为主贷人且正在还款”。如果王强或李
87,true_issue,上海-新房总监-100题-631-考试占比-验证-20260330-10#p3,sh:v20260320_021958:5:187:000bab13,quality_fail,False,3,在教材描述的个人住房商业性贷款流程中，银行放款之后紧接着的步骤是（　）。,题目考查点明确，答案唯一，且完全基于当前切片内容，无超纲或反向解题问题。解析符合规范。主要问题在于质量把关维度：选项B“办理不动产转移登记”在教材流程中明确位于“银行放款”之前，是放款的前提条件。题干询问“银行放款之后紧接着的步骤”，选项B与题干条件在逻辑上直接相悖，导致该干扰项过于幼稚，无需专业知识即可排除，违反了质量把关中“干扰项过于幼稚”的Fail条件。因此，quality_check_passed 为 false。
88,misjudge,上海-新房总监-100题-631-考试占比-验证-20260330-10#p3,sh:v20260320_021958:6:189:84b991c3,,True,1,客户李娜购买一套位于金山区的新房，总价400万元，属于二套房。她计划申请商业贷款，贷款成数为6成。当前5年期以上LPR为3.5%，根据相关政策，李娜此次购房的最低首付比例为（　）。,
89,misjudge,上海-新房总监-100题-631-考试占比-验证-20260330-10#p3,sh:v20260320_021958:7:193:d5c45369,,True,2,客户王明计划申请商业贷款购买一套住宅，其家庭月收入为20000元。根据征信报告，王明家庭现有车贷月供3000元，信用卡分期月供2000元。银行要求借款人家庭收入不低于负债的2倍。下列判断中正确的有（　）。,
90,true_issue,上海-新房总监-100题-631-考试占比-验证-20260330-10#p3,sh:v20260320_021958:8:221:a2395cd8,quality_fail,True,4,一套房屋的评估值为520万元，网签价为500万元，商业贷款成数为65%，公积金贷款部分额度为120万元。该组合贷款的总额度为金额（万元）（　）。,题目考查知识点“组合贷款额度确定”，内容完全来自当前切片，未超纲。题干条件充分，可依据教材公式唯一推导出答案325万元（B选项），反向解题成功。解析结构完整、与答案一致。但选项规范审计失败：选项A、B、C、D均包含单位“万元”，违反了“选项中有单位时必须将单位提到题干中”的规则。根据审计铁律，命中任意Fail条件必须判定为【审计不通过】。
91,true_issue,上海-新房总监-100题-631-考试占比-验证-20260330-10#p3,sh:v20260320_021958:10:352:e1cb7aef,reverse_solve_fail|missing_preconditions,False,3,根据上海链家2026年Q1述职管理规则，运营总经理的季度述职报告应在第一季度结束后10个工作日内提交（　）,题干陈述了一个具体的时限规则（第一季度结束后10个工作日内提交），但该时限信息未在题干或选项中给出，考生无法判断该陈述是否正确。；缺失：运营总经理季度述职报告的具体提交时限
92,true_issue,上海-新房总监-100题-631-考试占比-验证-20260330-10#p2,sh:v20260320_021958:4:40:25e8aab7,reverse_solve_fail|grounding_fail|quality_fail|explanation_fail|writer_issue,False,4,客户王明于2020年购买了一套新建商品住宅，但一直未入住。2025年，王明决定出售该房屋。根据房地产经纪业务中对房屋性质的分类规则，该房屋在2025年应属于（　）。,审计不通过。核心问题是反向解题失败：题干未提供计算房龄所需的关键条件——房屋竣工年份。根据当前切片规则，房龄自竣工之日起计算，并据此对存量住宅进行分类（次新/旧/老旧）。题干仅给出购买和出售年份，无法确定房龄，导致考生无法在A、B、D三个涉及房龄分类的选项中做出唯一确定的选择。这违反了反向解题的‘缺关键数值/条件’Fail条件。解析虽然给出了答案，但依赖了题干未提供的信息（2013年竣工），进一步说明题目本身不完整。因此，题目不能直接进
93,misjudge,上海-新房总监-100题-631-考试占比-验证-20260330-10#p2,sh:v20260320_021958:5:39:55e3cf20,,True,1,一位客户向经纪人咨询，希望购买一套房屋用于全家长期居住，并要求该房屋的产权年限尽可能长，以便未来有稳定的居住保障。根据房地产经纪业务知识，经纪人应优先推荐哪一类房地产产品（　）。,
94,uncertain,上海-新房总监-100题-631-考试占比-验证-20260330-10#p2,sh:v20260320_021958:6:209:612cfedc,reverse_solve_fail|grounding_fail|quality_fail|code_check_fail|explanation_fail|writer_issue,False,4,客户张伟，男性，今年40周岁，欲申请公积金贷款购买一套新建商品住宅。根据公积金贷款政策，按主贷人年龄计算，张伟的最高可贷年限为（　）。,审计不通过。核心问题：反向解题失败。教材规则明确要求贷款年限需同时考虑‘年龄’和‘房龄’并取孰低值。题干仅给出‘新建商品住宅’，但教材指出‘旧房改造后按新房销售方式出售的除外’，这意味着‘新建商品住宅’的房龄可能不是30年（例如，如果是旧房改造，房龄可能更短）。因此，在未明确排除房龄限制的情况下，考生无法确定‘房龄’因素下的可贷年限，从而无法应用孰低原则锁定唯一答案。可能存在多条合理推导路径：若房龄限制为30年，则答案为28年；若房龄限
95,true_issue,上海-新房总监-100题-631-考试占比-验证-20260330-10#p2,sh:v20260320_021958:8:5:3a8a62f3,reverse_solve_fail|answer_mismatch|quality_fail|writer_issue,False,3,一套二手房挂牌价为320万元，最终成交价为300万元，其价差率是百分比（　）。,题目核心计算正确，公式应用无误，且未超纲。但致命缺陷在于选项设计：选项B（6.67）和D（6.67）数值完全相同，仅通过是否带单位‘%’区分。题干设问为‘其价差率是百分比（　）’，这本身已暗示答案为带‘%’的数值，但选项B和D在数值上无法区分，导致考生无法仅凭计算逻辑锁定唯一选项。这违反了‘反向解题’原则，因为存在两条看似合理的推导路径（选B或选D），而题干并未提供区分两者的明确逻辑依据（例如，题干未明确要求‘带单位’或‘不带单位’）。
96,misjudge,上海-新房总监-100题-631-考试占比-验证-20260330-10#p2,sh:v20260320_021958:9:2:0215ee14,,True,2,依据《2017国民经济行业分类》，下列哪一项完整列出了房地产业的主要构成部分（　）。,
97,misjudge,上海-新房总监-100题-631-考试占比-验证-20260330-10#p2,sh:v20260320_021958:10:212:8226bae6,,True,1,客户王伟在上海工作，计划申请公积金贷款购买首套房。他于2024年1月开始在上海连续缴纳公积金，2024年8月准备办理贷款。王伟与其妻子在全国范围内均无正在受理或还款的公积金贷款。经纪人需要判断王伟是否符合申请条件。以下说法正确的有（　）。,
98,true_issue,上海-新房总监-100题-631-考试占比-验证-20260330-10#p2,sh:v20260320_021958:11:213:99da908a,reverse_solve_fail|quality_fail|writer_issue,False,3,客户王明家庭名下在沪无住房，全国范围内无公积金贷款记录，目前公积金未在使用。现欲购买一套位于浦东新区的公寓用于自住。根据公积金贷款政策，王明家庭可以申请公积金贷款的情形是（　）。,审计不通过。核心问题：选项C（可以申请，因为所购房屋为在沪第二套住房，且名下无正在使用的公积金）与题干明确给出的“客户王明家庭名下在沪无住房”这一事实直接矛盾。根据审计铁律（0. 适纲性/对工作有帮助/导向性）中的Fail条件：“选项与题干条件相悖：任一选项不得与题干中已明确给出的条件、前提或设定在逻辑上矛盾”。这使得C选项本身在语义上就是错误的，无法作为有效的干扰项来测试考生对“第二套住房”规则的理解和应用能力，削弱了题目的考察有效性
99,uncertain,上海-新房总监-100题-631-考试占比-验证-20260330-10#p2,sh:v20260320_021958:12:210:add53093,quality_fail|writer_issue,True,4,客户张伟家庭名下在沪无住房，全国范围内使用过1次公积金贷款且已结清。他计划在上海市嘉定区购买一套总价400万元的新建商品住宅，申请公积金贷款年限为20年。若张伟家庭符合公积金贷款申请条件，根据现行政策，其公积金贷款的最低利率为（　）。,1. **适纲性/导向性**：题目考查公积金贷款利率政策，属于当前切片“三、公积金贷款政策”的核心内容，且与经纪人实际业务（为客户计算贷款成本）高度相关，对工作有帮助。 2. **地理与范围审计**：题干明确为“上海市嘉定区”，与教材（上海政策）一致。 3. **逻辑自洽性**：题干条件（在沪无房、全国使用过1次公积金贷款已结清）根据套数认定规则应判定为首套，进而适用首套利率。逻辑链条完整自洽。 4. **反向解题**：题干已给出所有关
100,true_issue,上海-新房总监-100题-631-考试占比-验证-20260330-10#p2,sh:v20260320_021958:13:210:be1787ee,reverse_solve_fail|missing_preconditions,False,4,客户王明已婚，家庭名下在沪已有一套住房，现计划通过公积金贷款购买位于浦东新区的一套新建商品住宅作为第二套住房。根据公积金贷款政策，王明家庭购买此房的最低首付比例为（　）。,题干未明确所购房屋是否位于享受特殊政策的区域，导致无法在20%和25%之间稳定判定唯一正确项。；缺失：该新建商品住宅是否位于临港新片区或嘉定、青浦、松江、奉贤、宝山、金山6个行政区全域
